Name|Phone|Email|Company
Odysseus|04 23 25 47 36|ac@vitaepurus.net|Urna Convallis Incorporated
Hasad|02 16 68 91 54|in.sodales@eleifendCrassed.org|Purus Mauris A Industries
Jared|01 95 94 34 65|laoreet@arcuSed.edu|Dictum Sapien Inc.
Herrod|04 01 62 64 63|nec.ligula@velitAliquam.com|Cubilia Curae; PC
Keaton|02 10 37 39 95|arcu.Vivamus@magnisdisparturient.co.uk|At Pretium Corp.
Joshua|04 83 37 97 02|ante.dictum@Nunc.com|Lobortis Corp.
Igor|01 15 75 23 86|nisl@quamdignissimpharetra.edu|Pede Ultrices A LLP
Jamal|09 70 23 58 32|interdum.enim@netuset.com|Sed PC
Malik|04 92 36 23 10|adipiscing@telluslorem.ca|Tempor Lorem LLC
Cameron|02 79 96 84 70|eget@mi.net|Et Corporation
Sean|04 54 95 48 27|et@Crasvehiculaaliquet.org|Neque Venenatis Lacus Foundation
Dylan|05 71 83 00 31|justo.eu.arcu@Loremipsum.co.uk|Velit Company
Leroy|05 03 98 49 12|sapien@quis.net|Ipsum Sodales PC
Holmes|04 15 89 04 21|lorem@rhoncus.co.uk|Sagittis Corp.
Thaddeus|08 76 91 03 50|faucibus.id.libero@nonhendreritid.net|Natoque Penatibus Industries
Randall|09 81 39 40 92|rhoncus.Donec@lacusvarius.com|Ridiculus LLC
Flynn|05 68 77 25 62|sapien.Aenean@pretiumneque.edu|Dui Cras Pellentesque Consulting
Erich|03 11 13 73 87|in.faucibus@arcuVestibulum.ca|Sit Amet Dapibus Corp.
Gareth|08 33 27 54 85|eu.tellus.Phasellus@vel.edu|Purus Corp.
Oscar|06 61 95 51 33|orci@Nullaeuneque.ca|Vitae LLC
Caldwell|08 37 18 35 67|Nunc.commodo.auctor@Etiam.ca|Volutpat Ornare PC
Tiger|02 27 70 07 49|Cras@elitCurabitursed.ca|Nec Diam Limited
Bruno|03 45 82 11 02|cursus@Sedeunibh.org|Molestie Orci Tincidunt Foundation
Leonard|01 21 97 56 91|dictum.augue@Fuscediam.com|Phasellus Fermentum Convallis Institute
Walker|07 88 19 62 66|ornare.placerat@vehicula.com|Nec Mauris Corporation
Davis|08 75 26 30 85|Nam.ligula.elit@arcuNuncmauris.edu|Integer Vitae LLC
David|08 26 60 31 90|ipsum.primis@euismodmauriseu.net|Felis PC
Guy|04 06 45 17 62|ut.dolor.dapibus@ut.net|Massa Lobortis Ultrices Inc.
Hayden|05 05 34 52 04|odio@urna.org|Nunc Interdum Institute
Dalton|07 20 16 48 47|at.auctor.ullamcorper@mattissemper.ca|Diam At LLC
Dale|04 44 69 46 37|nibh@cursusetmagna.net|Et Libero LLC
Reed|05 14 33 75 96|convallis.convallis@malesuada.net|Mattis Ornare Lectus Institute
Mannix|09 07 10 77 87|id.ante.Nunc@egetdictumplacerat.org|In Faucibus Incorporated
Honorato|04 61 71 14 52|Fusce.diam@nostraperinceptos.org|Erat Industries
Xenos|09 56 52 90 01|Integer.id.magna@venenatisamagna.ca|Turpis Ltd
Harrison|03 96 43 69 57|Fusce.fermentum@dictum.org|Elit Sed Consequat Corp.
Rafael|06 42 75 26 40|luctus.sit.amet@Etiam.com|Ullamcorper Duis Consulting
Randall|09 85 95 71 32|ipsum.Curabitur.consequat@venenatis.com|Ut Institute
Avram|09 17 77 40 78|conubia.nostra@maurisrhoncusid.edu|Et Magnis Limited
Hu|01 44 84 99 87|In@ac.com|Lacus Pede LLP
Ezra|06 99 05 03 22|amet.luctus@Nuncuterat.ca|Lectus Pede Industries
Jin|04 88 56 14 98|Curae@laciniaatiaculis.ca|Ac Foundation
Colby|03 95 76 87 23|vulputate.eu.odio@in.edu|Sed Institute
Walker|03 11 09 00 02|non.massa@magna.ca|Ornare Placerat Incorporated
Zephania|05 68 41 27 59|tempus.non.lacinia@duiSuspendisse.org|Nibh Sit Amet Inc.
Duncan|08 57 99 49 59|sociis@Quisquenonummyipsum.co.uk|Vel Mauris Integer Institute
Ashton|05 88 49 17 72|ullamcorper@aodiosemper.com|Curae; Phasellus Corp.
Ulric|03 56 17 32 13|metus.In@elit.org|Et Magnis PC
Cole|08 39 95 42 00|dui.nec.tempus@Nuncsed.com|Justo Praesent Luctus Consulting
Yardley|03 05 93 53 39|sit.amet.risus@lobortismauris.org|Sem Eget PC
Geoffrey|04 29 33 04 00|dolor@tempus.org|Etiam PC
Nero|01 64 31 71 43|venenatis@orcitincidunt.org|Magna Cras LLC
Elvis|06 97 05 97 87|nec.ante@et.edu|Consectetuer Adipiscing Elit Institute
Acton|05 74 60 97 91|In.nec.orci@ut.co.uk|A Institute
Damon|05 58 51 28 22|sodales.Mauris@ipsumCurabiturconsequat.org|Dictum Sapien Consulting
Yasir|06 00 38 01 44|In.lorem.Donec@Proinvelit.co.uk|Montes Company
Harlan|04 19 13 08 77|magna@Suspendissedui.org|Odio Aliquam Vulputate Industries
Donovan|05 76 16 13 45|lobortis.augue.scelerisque@egestasAliquamfringilla.edu|Morbi Inc.
Sylvester|03 34 89 21 39|sociis@mollisvitae.edu|Dictum Industries
Damon|06 68 96 38 07|blandit@Aenean.com|Tempus Risus Donec Ltd
Marshall|04 29 90 89 02|Donec.felis.orci@pedeetrisus.edu|Massa Inc.
Zeus|06 42 88 88 90|libero.Donec.consectetuer@imperdiet.net|Risus At Consulting
Aladdin|07 46 46 46 35|lorem.sit.amet@malesuada.co.uk|Sapien Company
Vernon|09 57 10 54 82|ligula.Donec.luctus@sagittis.net|Sed Id Risus Incorporated
Vladimir|06 74 69 63 74|justo@nulla.co.uk|Ipsum Dolor Sit Institute
Rashad|08 68 09 98 96|lobortis@Integer.co.uk|Quam Industries
Derek|01 51 94 84 48|vestibulum.massa@quislectus.net|Fusce Industries
Samson|03 26 65 25 61|pharetra@risusDonec.com|Et Magna Praesent LLC
Maxwell|08 99 74 62 15|Aliquam@pharetra.com|Donec Feugiat Corporation
Kenyon|05 69 51 97 36|eu@Donec.ca|Suscipit Est Ac LLC
Oleg|08 73 57 59 62|lacinia.mattis@utmiDuis.edu|Nulla Corp.
Malcolm|09 78 72 02 16|nec.euismod@utlacusNulla.com|Ullamcorper Company
Hakeem|05 08 46 28 05|nec.ante@a.com|Eget Metus Inc.
Abbot|05 86 13 46 09|est.Nunc.ullamcorper@orcitincidunt.edu|Eget Lacus Mauris PC
Eric|06 73 80 24 53|In.faucibus@Seddictum.co.uk|In At Ltd
Reece|07 93 62 51 44|vitae@sedorci.com|Malesuada Vel Convallis Industries
Aristotle|01 29 56 36 47|odio@Nullamlobortisquam.ca|Imperdiet Nec Industries
Jacob|01 67 02 21 96|lectus.Cum.sociis@metus.net|Arcu Iaculis Enim Consulting
Carl|05 91 62 07 95|Nullam.lobortis.quam@atlibero.edu|Vulputate Ullamcorper Inc.
Knox|06 92 72 63 02|dolor.elit.pellentesque@luctus.ca|Turpis Aliquam Institute
Octavius|02 45 00 19 48|facilisis@cursus.org|Neque LLP
Herrod|05 05 30 43 73|penatibus.et.magnis@risus.com|Odio PC
Perry|03 40 08 81 72|nibh.Donec.est@pellentesque.ca|Sollicitudin Orci LLC
Clarke|04 81 57 49 29|conubia.nostra@risus.co.uk|Est Mauris Rhoncus Institute
Kieran|01 25 84 41 23|elit.elit@Intinciduntcongue.net|Lacus Ut LLC
Silas|05 58 72 72 61|pellentesque@acorci.edu|Mauris Ltd
Arthur|05 24 05 44 85|dolor.Donec.fringilla@fringillapurus.co.uk|Quis Pede Incorporated
Brennan|08 39 03 27 21|aliquet.magna.a@maurisipsumporta.co.uk|Duis Sit Amet Ltd
Reuben|02 05 80 20 77|lectus.convallis.est@molestiedapibusligula.net|Consectetuer Mauris Ltd
Ezekiel|02 93 05 97 55|Sed.molestie.Sed@disparturientmontes.org|Nascetur Ridiculus Mus Institute
James|05 09 51 21 66|pharetra@facilisiSed.ca|Libero Integer LLC
Xenos|08 79 63 85 92|lacinia.orci@purus.org|Sociosqu Ad Foundation
Jarrod|06 08 12 34 88|mauris.blandit.mattis@loremtristique.ca|Dui Fusce PC
Timothy|09 38 97 52 47|vehicula.risus.Nulla@montesnascetur.net|Id Magna Et Corporation
Allen|06 48 75 74 95|Maecenas@malesuadautsem.com|Ligula Aenean Euismod LLP
Alden|01 45 01 30 90|interdum.feugiat.Sed@dolorNullasemper.com|Lacinia Vitae Sodales Consulting
Isaac|03 93 90 54 59|sed@scelerisquedui.net|Velit Company
Isaiah|09 77 16 00 16|elementum@nequeNullamnisl.com|Posuere Cubilia PC
Thor|08 00 37 32 34|Proin.eget.odio@vel.co.uk|Aenean Euismod Foundation
Keane|07 50 27 09 54|rhoncus.Donec@ipsum.edu|Fusce Feugiat Limited